eixo;autovalor_py;inercia_pct_py;autovalor_r;inercia_pct_r
1;0.37354569;55.1537;0.37354569;55.1537
2;0.3037358;44.8463;0.3037358;44.8463
