eixo;autovalor;inercia_pct
1;0.37354569;55.1537
2;0.3037358;44.8463
